term,ERS,estimate,std.error,statistic,df,p.value,model
LandDiversity,1,0.016521550863283625,0.009560415628432623,1.7281205656110414,26.37270289214549,0.09566035515575652,Var5
LandDiversity,2,-0.02559900152772894,0.015654134038982765,-1.6352869768446425,36.58658799420713,0.1105648166120968,Var5
LandDiversity,3,-0.024449272431309944,0.012550155568701113,-1.9481250489264126,26.279805475003247,0.06215471327405598,Var5
LandDiversity,4,-0.012311195218001541,0.011284176664016567,-1.0910140442288512,44.38183740841432,0.2811545067523871,Var5
LandDiversity,5,-0.015335465008950718,0.01758426260523787,-0.8721130566136281,11.570088241611899,0.4008826870283999,Var5
LandDiversity,6,-0.031068511654538687,0.02281426583942943,-1.361801947658715,10.40056474816196,0.20202758226814457,Var5
LandDiversity,7,0.016526253021779954,0.017735885137345857,0.9317974769120024,23.68524674975753,0.3608427595987629,Var5
LandDiversity,8,-0.03905842541327255,0.024584387494339326,-1.5887491775935414,18.568700890548797,0.1289988420331729,Var5
LandDiversity,9,-0.009874227849246077,0.019497614648256043,-0.5064326086744808,15.927049322504104,0.6194912582326343,Var5
LargeFarms,1,0.04846736889278197,0.009461904171142108,5.1223694529271135,26.780029422980267,2.2423528132509495e-5,Var5
LargeFarms,2,-0.007338235295598661,0.015563628618623768,-0.47149899778626003,52.62944656044189,0.6392332604225166,Var5
LargeFarms,3,-0.017644268549842544,0.012913697170074059,-1.3663220003897114,31.14298659208241,0.18162299295278506,Var5
LargeFarms,4,0.05502124241257338,0.013858581095533487,3.9701930546343087,39.35766195736962,2.9624584581255324e-4,Var5
LargeFarms,5,-0.006633710393223595,0.01582176932594984,-0.4192774054886146,32.83767410306175,0.6777436233586751,Var5
LargeFarms,6,0.04000591811001645,0.012696107280928933,3.1510381272620553,44.041983947391095,0.0029235717938099464,Var5
LargeFarms,7,0.04477117857532278,0.02122001204746125,2.1098564164424767,42.23246684789419,0.0408365142632501,Var5
LargeFarms,8,-0.036438116851013856,0.023347125494593297,-1.5607110545344076,27.649395156929035,0.12996622261192387,Var5
LargeFarms,9,0.0869370484335647,0.013264648764502935,6.554040742202983,32.855256330752354,1.946762600809168e-7,Var5
MeanCropArea,1,-0.013497888990581934,0.006785375466211206,-1.9892619145096238,9.550009939218505,0.07605886857981203,Var5
MeanCropArea,2,0.02900131466423488,0.022075925577530756,1.3137077565505522,4.444456578738972,0.2526589933607935,Var5
MeanCropArea,3,0.009719701463436944,0.015481971967219862,0.627807716227401,11.18902284324818,0.542730649825719,Var5
MeanCropArea,4,0.012984466072204052,0.008059145695171908,1.6111467100021304,13.37402838224227,0.13048730647369686,Var5
MeanCropArea,5,-0.012932986333948258,0.035729375672604695,-0.36197067792216014,5.109190639473813,0.731864443493866,Var5
MeanCropArea,6,0.06786277591643913,0.043339241750296374,1.5658505588869711,5.8460366555883265,0.16971504022313044,Var5
MeanCropArea,7,0.011329531068405115,0.030000158286420903,0.3776490430563244,11.20569425805625,0.7127467067953686,Var5
MeanCropArea,8,-0.09862199503448972,0.06983701603351879,-1.4121736671445895,6.209700986596045,0.20599711331133658,Var5
MeanCropArea,9,-0.014512239344838786,0.04484866613073251,-0.3235824071676077,5.7486844128954555,0.7577003180068496,Var5
NaturalCropEdge,1,-0.01921912307101413,0.008724786155369823,-2.202818811689199,28.339216723767805,0.03590172143615148,Var5
NaturalCropEdge,2,0.03452879729481124,0.017246080333632098,2.0021243451751523,44.97994472171134,0.05132312724068545,Var5
NaturalCropEdge,3,0.01261141231300655,0.014199979628943815,0.8881289017697399,20.59379830291421,0.38472740610946465,Var5
NaturalCropEdge,4,6.360799668076975e-4,0.010956656182459775,0.058054205244295366,38.14748563380239,0.9540084933714195,Var5
NaturalCropEdge,5,0.034639117823746554,0.030392996538528456,1.1397072276119729,6.275627300128007,0.29603257378519865,Var5
NaturalCropEdge,6,0.0557087485161646,0.01863470475560658,2.9895160265098184,17.680280343798216,0.00797675471034136,Var5
NaturalCropEdge,7,-0.011324385589057665,0.026209505233829245,-0.4320717040641044,8.80842679593965,0.67607296948874,Var5
NaturalCropEdge,8,-0.11802573759017551,0.07464858746332398,-1.5810846742165539,4.607725869536547,0.17961870059441917,Var5
NaturalCropEdge,9,-0.0067929076202775775,0.022982012421027195,-0.29557496949494577,8.630544416240735,0.7745420490947623,Var5
PercentCrop,1,0.0684699726260526,0.014332440410777214,4.777272443747048,21.56551310177983,9.505843838442045e-5,Var5
PercentCrop,2,-0.07552674827710469,0.019989379795203127,-3.778343753077768,29.64659124808362,7.091856780540428e-4,Var5
PercentCrop,3,-0.04573444825534974,0.02109580025665671,-2.1679409028779735,23.40311610278499,0.040569820884064765,Var5
PercentCrop,4,-0.04460627112195981,0.018550788407577037,-2.4045485368018356,35.352658572125094,0.02156226091605689,Var5
PercentCrop,5,0.04513912661017915,0.07566715334003488,0.5965484971706528,4.979261429630146,0.5768933816530701,Var5
PercentCrop,6,-0.09956839813725087,0.03348181956398556,-2.9738048718341097,12.824242942625855,0.010905854413425363,Var5
PercentCrop,7,-0.014190365086810201,0.02895240264821114,-0.49012737420211894,18.428443291455483,0.6298280175899311,Var5
PercentCrop,8,0.1825207091627898,0.12695646870763244,1.4376637206499185,3.1753423292400096,0.24128931824581068,Var5
PercentCrop,9,-0.031117796546429963,0.03972258601333752,-0.7833779134113182,12.0918315321948,0.4484776776056114,Var5
LandDiversity,1,0.02056905520248315,0.010260450570700392,2.0046931721711982,25.1671076736674,0.055866140276979594,Var5_3yrs
LandDiversity,2,-0.030178504017946375,0.016523432733289434,-1.8264064438103311,36.09740231739164,0.07606871824911682,Var5_3yrs
LandDiversity,3,-0.029795998124888725,0.014642046271857589,-2.0349613415822514,25.774155968093364,0.05226116707474826,Var5_3yrs
LandDiversity,4,-0.017303888359972305,0.012230914446900071,-1.4147665274821688,42.79607339917084,0.1643721569008556,Var5_3yrs
LandDiversity,5,-0.016219399504448225,0.017169945842332616,-0.9446389437326697,11.696536416046468,0.3639484417773805,Var5_3yrs
LandDiversity,6,-0.04086803916006035,0.027744062050547528,-1.473037332658857,10.24340153442486,0.17079189621963803,Var5_3yrs
LandDiversity,7,0.011832999235862483,0.018869311553690725,0.6271028596985574,23.645518996536108,0.5366006168150763,Var5_3yrs
LandDiversity,8,-0.03085049294861809,0.030730514434664208,-1.0039042143016828,17.33212022991306,0.32923546354776034,Var5_3yrs
LandDiversity,9,-0.012477917020743948,0.020728801729758637,-0.6019603633349644,16.264921647809594,0.5554996251620149,Var5_3yrs
LargeFarms,1,0.060732190567566,0.009796457574537856,6.199403213404006,25.5721481178749,1.5851451866303025e-6,Var5_3yrs
LargeFarms,2,-0.01571929730728362,0.016761882670863964,-0.9378002230386328,49.9348657922028,0.3528610339517507,Var5_3yrs
LargeFarms,3,-0.032325838694385003,0.01380956859165365,-2.3408290041676163,27.04352937487557,0.026863421508921667,Var5_3yrs
LargeFarms,4,0.04975856009930905,0.013991146484679362,3.5564319302778977,37.73870100965881,0.0010326352888782467,Var5_3yrs
LargeFarms,5,-0.014833620228958117,0.016332340835962106,-0.9082360194379508,32.578848805665466,0.37042339502313104,Var5_3yrs
LargeFarms,6,0.030762658028103705,0.013882872857118507,2.215871192130814,42.01813721977279,0.03217143602650181,Var5_3yrs
LargeFarms,7,0.029938407790134517,0.02142954888099083,1.397061970664791,40.81183119582036,0.169945303657652,Var5_3yrs
LargeFarms,8,-0.046093503646780123,0.024285112956378252,-1.8980147932428746,25.750683098778016,0.06895815208869947,Var5_3yrs
LargeFarms,9,0.07821552878076107,0.013898468371729335,5.627636563166781,32.56925303801146,3.018415326831401e-6,Var5_3yrs
MeanCropArea,1,-0.01316395158566378,0.006333340076780389,-2.0785164583102245,9.815725529640666,0.06487552638155211,Var5_3yrs
MeanCropArea,2,0.036688408379121434,0.02148121871086097,1.70792955804559,4.415660576030049,0.15606102778698364,Var5_3yrs
MeanCropArea,3,0.00847474311573293,0.016539088953163156,0.5124068889001354,10.881248259392136,0.6186066609697247,Var5_3yrs
MeanCropArea,4,0.01195895819643926,0.007646947979053663,1.563886432756827,13.793305665476272,0.14049104141298635,Var5_3yrs
MeanCropArea,5,-0.013894988381315811,0.03352036377709183,-0.414523794363228,5.477777718534475,0.6942291918080677,Var5_3yrs
MeanCropArea,6,0.07934438969191586,0.052198711026947654,1.5200449997884855,5.393755536604653,0.18476294384414158,Var5_3yrs
MeanCropArea,7,0.022585821846352067,0.029818471798057144,0.7574439763148315,11.185607201763027,0.4644417143756481,Var5_3yrs
MeanCropArea,8,-0.08657857985608498,0.07126514931958099,-1.2148796527154184,5.730233979216758,0.27208770045193353,Var5_3yrs
MeanCropArea,9,-0.013261864699307166,0.041000521195149506,-0.3234560028196931,5.583116627818079,0.7581192866202114,Var5_3yrs
NaturalCropEdge,1,-0.021995124212778355,0.009392537689925722,-2.3417658718974272,28.36388132043816,0.026437134551189508,Var5_3yrs
NaturalCropEdge,2,0.03657228948622158,0.018515432405368085,1.9752328050204413,44.59730579143304,0.05445084083740258,Var5_3yrs
NaturalCropEdge,3,0.013710718179748808,0.016498504762930417,0.8310279250611041,20.57170866574167,0.41549953869624234,Var5_3yrs
NaturalCropEdge,4,0.004657985224535671,0.012371267858606106,0.37651639894736666,38.092840345775464,0.7086221824416946,Var5_3yrs
NaturalCropEdge,5,0.04948818930485602,0.03183112487686219,1.5547106643670208,6.338251416942483,0.16838934907546813,Var5_3yrs
NaturalCropEdge,6,0.05761123888394292,0.019313249685562056,2.9829904248072334,17.210937763116515,0.008268133361634225,Var5_3yrs
NaturalCropEdge,7,-0.0044307622708972235,0.028607111874383036,-0.15488324338203682,8.823724476913222,0.8803982430092342,Var5_3yrs
NaturalCropEdge,8,-0.11246366900273053,0.07121570162045222,-1.579197655063647,4.497669741279187,0.18156690807543294,Var5_3yrs
NaturalCropEdge,9,-0.0033120676492882375,0.021090794112298212,-0.15703854637492973,8.560165601341337,0.8788557111724341,Var5_3yrs
PercentCrop,1,0.07434431357695705,0.016238999524400912,4.578133860109202,20.425707312238508,1.737976256214762e-4,Var5_3yrs
PercentCrop,2,-0.07963371724854801,0.021664996037508693,-3.6756857518311032,28.910853659793617,9.608036921490671e-4,Var5_3yrs
PercentCrop,3,-0.045711561657404386,0.024487642658072892,-1.8667195652797783,23.104731449805758,0.0746826891414734,Var5_3yrs
PercentCrop,4,-0.05012846497714705,0.020204518064179205,-2.4810522487057147,34.29966779880651,0.018158686655240133,Var5_3yrs
PercentCrop,5,0.03526861151108561,0.07780961784998659,0.4532680211729338,4.983771660503407,0.669407852124025,Var5_3yrs
PercentCrop,6,-0.11079769926568117,0.03431211785491934,-3.229112808896349,12.650238361677028,0.006798128069020964,Var5_3yrs
PercentCrop,7,-0.03188050221683881,0.035311053816997104,-0.9028476573387627,18.703197409646105,0.3780880775608584,Var5_3yrs
PercentCrop,8,0.1526144069340511,0.11658856518637084,1.308999786472127,2.929323248538016,0.28375186066896113,Var5_3yrs
PercentCrop,9,-0.04437727567458786,0.038962541903403,-1.1389728058453992,11.672564239882199,0.27755015754032036,Var5_3yrs
Corn,1,0.08550670144089689,0.021430752462278057,3.9899066349351906,20.95257062387349,6.679917788796182e-4,Var5_3yrs_crops
Corn,2,-0.047223561823769585,0.03133575262860882,-1.5070185925789943,46.26366228093384,0.1386044414509735,Var5_3yrs_crops
Corn,3,-0.02251328205149358,0.028291730355160322,-0.7957548643675387,16.572567860942513,0.43742479424469993,Var5_3yrs_crops
Corn,4,-0.05232449223005621,0.024442573375454198,-2.1407112674396913,34.86467213153518,0.03936965911498586,Var5_3yrs_crops
Corn,5,-0.049511327928105295,0.03226673970921242,-1.5344385077110658,23.528781063331028,0.1382601192114415,Var5_3yrs_crops
Corn,6,-0.061135389430949934,0.02748161865353752,-2.224592015546377,37.51333819820816,0.03220369327783145,Var5_3yrs_crops
Corn,7,-0.05969371794305167,0.03822599971107685,-1.561599916136505,14.179197741654422,0.14041976881115237,Var5_3yrs_crops
Corn,8,0.04706611756509256,0.05453623040280204,0.8630247675254491,5.705814132672734,0.4229098064369504,Var5_3yrs_crops
Corn,9,-0.10811889818360722,0.03566403125154499,-3.031594982099042,21.821670206887237,0.006165458847489609,Var5_3yrs_crops
FruitVeg,1,0.18601926942080305,0.0848241690126025,2.1929984294118556,6.736600350988114,0.06588702216776444,Var5_3yrs_crops
FruitVeg,2,-0.100314684241055,0.08589864751286055,-1.1678261200333346,7.090239892222767,0.2806428585072326,Var5_3yrs_crops
FruitVeg,3,0.14211916972234784,0.14876343067029593,0.9553367321658927,3.215609754242248,0.4055736435818361,Var5_3yrs_crops
FruitVeg,4,-0.11792168705707948,0.08509959398404213,-1.3856903603934014,7.889187645302698,0.20375261767608205,Var5_3yrs_crops
FruitVeg,5,-0.1285044649560945,0.08715419040238374,-1.4744496433596586,9.204202508271807,0.17372328170419354,Var5_3yrs_crops
FruitVeg,6,-0.1515874665158047,0.08532935554009784,-1.776498434288197,6.979795078199816,0.11902543284023466,Var5_3yrs_crops
FruitVeg,7,-0.15157681957100635,0.08649532444323159,-1.7524278976546173,6.806578970610061,0.12437001583004652,Var5_3yrs_crops
FruitVeg,8,-0.081884721760687,0.08512170789976829,-0.9619722604380437,7.356901022849476,0.3666090436873168,Var5_3yrs_crops
FruitVeg,9,-0.09535557058116324,0.08969292886480425,-1.0631336470781816,7.671699448837526,0.320036955355473,Var5_3yrs_crops
LandDiversity,1,0.006678135604909521,0.00923387387168872,0.7232214450518808,21.66286550699487,0.47728084703052076,Var5_3yrs_crops
LandDiversity,2,-0.007868752478004493,0.01104330617615491,-0.7125359337582233,35.65843214733823,0.48076974542987405,Var5_3yrs_crops
LandDiversity,3,-0.02389220983359742,0.01283052838356541,-1.8621376391794504,26.13452237114566,0.0738640855233795,Var5_3yrs_crops
LandDiversity,4,-0.007893270302020694,0.01111926740750697,-0.7098732328976725,38.83783844433193,0.48202338768200725,Var5_3yrs_crops
LandDiversity,5,-0.011726692695473067,0.016174619494068343,-0.7250057845115647,11.695884679482194,0.482701980555164,Var5_3yrs_crops
LandDiversity,6,-0.023602450605415694,0.028807156974233243,-0.8193259274605635,10.335996029183171,0.431087270403384,Var5_3yrs_crops
LandDiversity,7,0.01988209226808859,0.013763282629480653,1.4445748738387147,23.58549109422086,0.16173228055437475,Var5_3yrs_crops
LandDiversity,8,0.0015348811632160115,0.022873708463223376,0.06710241873038698,16.752034328591723,0.9472945394645063,Var5_3yrs_crops
LandDiversity,9,0.007992310081413625,0.020726059302953518,0.3856164823515052,16.54319072555891,0.7046943022827084,Var5_3yrs_crops
LargeFarms,1,0.03130226383095793,0.016863166792933662,1.8562506209732104,23.734321497092292,0.07587533709567953,Var5_3yrs_crops
LargeFarms,2,0.005926681742326687,0.019869000432145418,0.29828786619472303,44.372872585862126,0.7668758242414029,Var5_3yrs_crops
LargeFarms,3,-0.020440666984809668,0.020738459789720415,-0.9856405534485084,18.12977205284402,0.3372817934618415,Var5_3yrs_crops
LargeFarms,4,0.08574568448677315,0.020045919621201055,4.277463249732201,32.93232268382715,1.525813621302586e-4,Var5_3yrs_crops
LargeFarms,5,-0.0035060181776594935,0.021948807329981373,-0.159736159006252,29.165593414275534,0.8741900427344174,Var5_3yrs_crops
LargeFarms,6,0.061250885458777736,0.020185658943466706,3.034376317876024,37.67409399591934,0.004351753145897972,Var5_3yrs_crops
LargeFarms,7,0.0519534644722689,0.026027302567986684,1.9961140550988612,37.81310545348672,0.053160129386827584,Var5_3yrs_crops
LargeFarms,8,-0.004356397268013041,0.020168597567062706,-0.2159990179548956,24.374020377546884,0.8307859679659734,Var5_3yrs_crops
LargeFarms,9,0.10742216720755145,0.021834058843596734,4.919935774518401,27.849461192389082,3.498137130249767e-5,Var5_3yrs_crops
MeanCropArea,1,-0.012647271493364271,0.005761620749180104,-2.1950892021422996,9.82864753169236,0.05333333293553731,Var5_3yrs_crops
MeanCropArea,2,0.031135365661410702,0.01901416001691001,1.6374830985813122,4.430271435617979,0.16991741607348615,Var5_3yrs_crops
MeanCropArea,3,0.015682855996702102,0.015067440098974245,1.0408440912116022,10.827346730085083,0.3206322229565322,Var5_3yrs_crops
MeanCropArea,4,0.012658170683434484,0.007011037157081267,1.8054633572508623,13.272688082505791,0.09372569743929886,Var5_3yrs_crops
MeanCropArea,5,-0.004827065670733466,0.03583757949879865,-0.1346928486310098,5.431607258086754,0.8977053447314107,Var5_3yrs_crops
MeanCropArea,6,0.06442541686128729,0.058407508908461664,1.103033121345016,5.21496903826004,0.3182937100011198,Var5_3yrs_crops
MeanCropArea,7,0.035284560031984186,0.023258941571933422,1.5170320593849413,10.929509664197564,0.15763701322735632,Var5_3yrs_crops
MeanCropArea,8,0.0016911989830470174,0.021781014939605055,0.07764555452243233,4.992233664360165,0.941125945431057,Var5_3yrs_crops
MeanCropArea,9,-0.012488912186746484,0.04469160638802677,-0.27944648214955103,5.458010334518749,0.7901859847275625,Var5_3yrs_crops
NaturalCropEdge,1,-0.019701375971320313,0.008409440631898663,-2.342768899109546,28.253732196421794,0.026407500317891183,Var5_3yrs_crops
NaturalCropEdge,2,0.016678389563155854,0.014983421125043516,1.1131229259304034,42.268849091880554,0.2719459688960491,Var5_3yrs_crops
NaturalCropEdge,3,0.02335540133103003,0.014392271460692918,1.6227738196028705,20.45261537198791,0.11995181658529303,Var5_3yrs_crops
NaturalCropEdge,4,0.018621084373128073,0.012721546665241461,1.4637437461913076,36.74328524926027,0.15176729383164447,Var5_3yrs_crops
NaturalCropEdge,5,0.046511032396500604,0.032680659061372394,1.4231975037331888,6.393965444251731,0.20158975481516406,Var5_3yrs_crops
NaturalCropEdge,6,0.05377117826742491,0.022750959693127265,2.363468574192429,17.547239089155095,0.029872837969239167,Var5_3yrs_crops
NaturalCropEdge,7,-0.006820375137846986,0.025010475443386127,-0.27270073906774106,8.952214840544032,0.7912691820819941,Var5_3yrs_crops
NaturalCropEdge,8,-0.03743061145638869,0.03150898349539453,-1.1879345921095708,4.592032243581809,0.2926463831409845,Var5_3yrs_crops
NaturalCropEdge,9,-2.970134894280437e-4,0.021783303980378237,-0.013634914597693022,10.462609771548811,0.9893777608699237,Var5_3yrs_crops
PercentCrop,1,0.03889748408562865,0.01650480848182528,2.3567364703723572,16.925425649753375,0.030749095761397952,Var5_3yrs_crops
PercentCrop,2,-0.03313473510810565,0.02161224164633723,-1.5331466143273116,28.931088567757364,0.13610353995230765,Var5_3yrs_crops
PercentCrop,3,-0.03614999867843288,0.020346253884447926,-1.7767397813739496,22.88687757995645,0.08890678352256319,Var5_3yrs_crops
PercentCrop,4,-0.025350420855841896,0.01876850444211475,-1.3506894453965095,29.029821013019095,0.18723038532493574,Var5_3yrs_crops
PercentCrop,5,0.05101114368892512,0.0779970393785873,0.6540138458502737,5.321113411564036,0.5403142087013659,Var5_3yrs_crops
PercentCrop,6,-0.06835298902526678,0.044732905604464496,-1.5280247974422865,13.506219734941682,0.1495822266124252,Var5_3yrs_crops
PercentCrop,7,-0.0023913550399402963,0.03237009656598957,-0.07387543732114879,19.767399631074568,0.9418519602910715,Var5_3yrs_crops
PercentCrop,8,0.022839030240373745,0.03505124307053043,0.6515897366155271,3.037498968898223,0.5606027316894261,Var5_3yrs_crops
PercentCrop,9,-0.006586681983015456,0.04099748755373898,-0.16066062522445354,12.14480970642442,0.8750021624138866,Var5_3yrs_crops
SoyGrains,1,0.021043166554073903,0.01983736273389403,1.0607844821085841,19.823412917467618,0.30154178957359545,Var5_3yrs_crops
SoyGrains,2,-0.03689508963447402,0.029485879830045084,-1.2512799294826946,41.160477536592495,0.21789769287663185,Var5_3yrs_crops
SoyGrains,3,-0.007452843878979341,0.024319979243498,-0.3064494342022054,21.955268617242574,0.7621497841695781,Var5_3yrs_crops
SoyGrains,4,-0.053930084959480984,0.023396570749973304,-2.3050422874276357,31.99442084535883,0.027802248209571234,Var5_3yrs_crops
SoyGrains,5,-0.009291570291720527,0.022753932536111163,-0.40835008528633593,26.551610405391067,0.6862912535998621,Var5_3yrs_crops
SoyGrains,6,-0.02996733699723454,0.023127178740268945,-1.2957627618043848,33.70289244719003,0.20386161089533428,Var5_3yrs_crops
SoyGrains,7,-0.031210299510278226,0.03787846193605002,-0.8239589971464626,14.597421173253066,0.4232216799708488,Var5_3yrs_crops
SoyGrains,8,-0.010962163720416751,0.027158182331156123,-0.40364128890322876,16.402950920891033,0.6916897841487593,Var5_3yrs_crops
SoyGrains,9,-0.016895115400643732,0.023871833481579754,-0.7077426798272753,32.46148827325535,0.48415593523165923,Var5_3yrs_crops
Corn,1,0.09001470231964559,0.022651494915055,3.9738967629822333,21.586025465394382,6.62122284668466e-4,Var5_crops
Corn,2,-0.05270264740667496,0.030965046566089525,-1.7020044615205179,48.12337163046023,0.0952072356174616,Var5_crops
Corn,3,-0.023029668388587533,0.027277730207372175,-0.8442663012468484,18.11775625720427,0.40953057339941634,Var5_crops
Corn,4,-0.06250459762733095,0.025257063299633165,-2.474737339247147,34.84356319452073,0.018348202511373472,Var5_crops
Corn,5,-0.048888538188980424,0.03401218653243817,-1.437382984547446,25.25867774714432,0.16288283997130013,Var5_crops
Corn,6,-0.06997615805343146,0.026698852042339474,-2.6209425761999854,38.39670126509092,0.012497264711670755,Var5_crops
Corn,7,-0.06224844858765658,0.03614486393724075,-1.7221934683649702,15.972066332283845,0.10433902292761521,Var5_crops
Corn,8,0.07228877815383121,0.04261632870210499,1.6962694900149995,7.126407853269036,0.132890850462821,Var5_crops
Corn,9,-0.12317739710321327,0.03795919528450097,-3.244994952606583,21.710322369447603,0.0037604439091356995,Var5_crops
FruitVeg,1,0.10789213007553908,0.0846474907003483,1.274605179466887,7.99900869942393,0.23822655891749883,Var5_crops
FruitVeg,2,-0.027420948115461266,0.08551587057568935,-0.3206533235394151,8.40397419524037,0.7563019624326053,Var5_crops
FruitVeg,3,0.2652697678715107,0.12839826504503435,2.0659918401426225,3.0192888340983712,0.13016135309366336,Var5_crops
FruitVeg,4,-0.03922347619514281,0.08494709000293235,-0.46174008072305744,9.309332059770442,0.6548682046626864,Var5_crops
FruitVeg,5,-0.037389722950294774,0.08665483123220823,-0.43147880410847317,10.243335113424742,0.6750604698196586,Var5_crops
FruitVeg,6,-0.07421818733301568,0.0850101245163927,-0.8730511542622669,8.256399981332136,0.407308922589518,Var5_crops
FruitVeg,7,-0.07089603853218839,0.08567390887668111,-0.8275102590945865,8.080348260593547,0.4317062639337095,Var5_crops
FruitVeg,8,-0.016560658908980185,0.08541622374567891,-0.1938818901464017,8.645244257230571,0.850747053373828,Var5_crops
FruitVeg,9,-0.016399062165300182,0.09159382681718166,-0.17904112902752917,7.830172679725364,0.862451236730508,Var5_crops
LandDiversity,1,0.007774021997086127,0.008502183646635748,0.9143559255112362,22.405968584563198,0.37026533915409343,Var5_crops
LandDiversity,2,-0.0088298914825249,0.009859312625938954,-0.8955889540711245,36.36995191231514,0.3763617301788781,Var5_crops
LandDiversity,3,-0.022835578591429075,0.01073474208204435,-2.127259175572126,26.7886277854723,0.0427572988955183,Var5_crops
LandDiversity,4,-0.008972237211550958,0.01051971227231979,-0.8528975868626504,40.19236049382852,0.3987703317654172,Var5_crops
LandDiversity,5,-0.018280479797334624,0.01564312555965949,-1.1685950948623942,11.643512487882417,0.2659366073128521,Var5_crops
LandDiversity,6,-0.01862990936264217,0.022626743820084665,-0.823357948044884,10.56491868981578,0.4284988811026982,Var5_crops
LandDiversity,7,0.015982840429511355,0.01363891809914079,1.1718554443492277,23.671820598486974,0.25291495986597,Var5_crops
LandDiversity,8,-0.009668835540573302,0.018007871565256444,-0.5369227287931078,18.12763950869427,0.5978500319220796,Var5_crops
LandDiversity,9,0.0023434440864522127,0.019941374228152276,0.11751667962501053,16.23006381231669,0.9078926622729494,Var5_crops
LargeFarms,1,0.0320208362021196,0.0166057327078009,1.928300109701099,24.490108339785223,0.06548866835754781,Var5_crops
LargeFarms,2,0.004540390989422261,0.019199999769355457,0.2364787002064991,46.37236116829399,0.8141027106118761,Var5_crops
LargeFarms,3,-0.017440152417353725,0.019750137828817113,-0.8830395295726532,22.389005928351747,0.3865984638656269,Var5_crops
LargeFarms,4,0.08073561054384136,0.02038254065030269,3.961018006979537,34.88899683904959,3.507720340221078e-4,Var5_crops
LargeFarms,5,-0.004790118496560162,0.021599100384388663,-0.2217739818470565,30.447375429001124,0.8259706135959459,Var5_crops
LargeFarms,6,0.06170820338306402,0.01888063998450097,3.2683321875593196,39.43977089349994,0.0022466239425199723,Var5_crops
LargeFarms,7,0.05075210078476778,0.02650899895640853,1.9145234743954183,38.99883240980349,0.0629103453785732,Var5_crops
LargeFarms,8,-0.01172594639603446,0.021331977903730755,-0.5496886622024724,24.925986006362358,0.587424835349063,Var5_crops
LargeFarms,9,0.11940855627011808,0.02155842128164292,5.538835831721822,27.94028463208887,6.4188766785846424e-6,Var5_crops
MeanCropArea,1,-0.011296969021611354,0.005879070905765393,-1.9215568586752072,9.554391882680605,0.08495602231734306,Var5_crops
MeanCropArea,2,0.021640184871004057,0.017315825414628522,1.2497345262399266,4.470554588118664,0.2728291802320922,Var5_crops
MeanCropArea,3,0.015442849005823234,0.014245533451561798,1.0840484884846604,11.29289277769936,0.30094495941388083,Var5_crops
MeanCropArea,4,0.01134988116322549,0.007088826684342056,1.6010944643766418,12.900675549515624,0.13354840161465087,Var5_crops
MeanCropArea,5,-0.0014657018110430238,0.034945493883961336,-0.041942512414046194,5.062539391463068,0.9681485534658306,Var5_crops
MeanCropArea,6,0.05770159385156161,0.044557712272994765,1.2949855571138242,5.674493382207232,0.24551300519189162,Var5_crops
MeanCropArea,7,0.029095904465391034,0.02083534964225181,1.3964682601912146,10.813219382961037,0.1905770081177309,Var5_crops
MeanCropArea,8,-0.014493392573568643,0.023956153996165696,-0.6049966357658405,5.735971252567681,0.5683249152315283,Var5_crops
MeanCropArea,9,-0.02117929723947933,0.04560376033094462,-0.4644199751463922,5.625395449942055,0.6597735049523038,Var5_crops
NaturalCropEdge,1,-0.01638020862259086,0.0077515766572348105,-2.1131454085927994,28.253528019197695,0.04354885999180645,Var5_crops
NaturalCropEdge,2,0.01563487286540363,0.013478039995145382,1.1600257063367605,43.093040633710366,0.2524251326507024,Var5_crops
NaturalCropEdge,3,0.020384504502058753,0.012306719007068955,1.6563719778074022,20.770871478865004,0.11267673612549793,Var5_crops
NaturalCropEdge,4,0.015471233314496444,0.01127621170261076,1.372024020346693,36.74320163579259,0.17837522368999256,Var5_crops
NaturalCropEdge,5,0.029888790509706893,0.03124324699211252,0.9566480243635508,6.338335185136768,0.373796931793675,Var5_crops
NaturalCropEdge,6,0.05199612787185679,0.021217533936969932,2.4506207001397797,17.886914429734524,0.024783437593080666,Var5_crops
NaturalCropEdge,7,-0.011164987559200668,0.024321651858660337,-0.45905547962298837,8.856730793186665,0.6572523329567688,Var5_crops
NaturalCropEdge,8,-0.045185064873306716,0.031279912177639674,-1.444539377754618,4.698906343007321,0.21179977504441466,Var5_crops
NaturalCropEdge,9,2.994395844465419e-4,0.021204587856380717,0.014121452700455903,10.457916404234194,0.9889988694119054,Var5_crops
PercentCrop,1,0.036651798478905234,0.016940289663383463,2.16358747147803,17.712762785330156,0.04442298151583233,Var5_crops
PercentCrop,2,-0.03121205155301193,0.02085640132140394,-1.4965214310956165,29.862416689597183,0.14501317589528626,Var5_crops
PercentCrop,3,-0.03754504532469773,0.020176914434321316,-1.8607922161196706,24.265221204689418,0.07493399548828301,Var5_crops
PercentCrop,4,-0.02001505001161685,0.01892222403001178,-1.0577535695524893,29.906725741068414,0.2986371889802878,Var5_crops
PercentCrop,5,0.07723973845065403,0.07688835320465616,1.0045700711662087,5.433200239953205,0.3577247133245016,Var5_crops
PercentCrop,6,-0.062315592305924365,0.043038783075781545,-1.447893919217017,13.766022909154604,0.17003715490685664,Var5_crops
PercentCrop,7,0.008007833421837076,0.028471958771060363,0.2812533372300485,19.696527617191318,0.7814495215850756,Var5_crops
PercentCrop,8,0.05312727290027687,0.045309784381874364,1.1725342246724484,3.3340190755994477,0.3178995597665388,Var5_crops
PercentCrop,9,0.0033046033304268627,0.039710610638485425,0.08321713711509175,12.657123563967115,0.9349805746129592,Var5_crops
SoyGrains,1,-0.010780582158711754,0.02042391560952171,-0.5278411037737447,20.189027727467934,0.6033633487396581,Var5_crops
SoyGrains,2,-0.015544509810377135,0.02762856967606589,-0.5626244859082609,41.69780829484805,0.5767032123721244,Var5_crops
SoyGrains,3,0.02099693336460076,0.023356302088985932,0.8989836355345922,25.44508645257116,0.3770903101365597,Var5_crops
SoyGrains,4,-0.02860777959918061,0.023312638459309656,-1.227136072526205,32.83614071101622,0.22849723360869192,Var5_crops
SoyGrains,5,0.008712555244683595,0.02217837619431606,0.39284008749551624,25.98291629126371,0.6976420969228595,Var5_crops
SoyGrains,6,-0.005708066867618345,0.023167012889019935,-0.24638769335358282,33.77686707864706,0.8068733869529372,Var5_crops
SoyGrains,7,-0.004606377313993159,0.03645503408381762,-0.12635778376731593,14.215209541609791,0.9012185670250654,Var5_crops
SoyGrains,8,0.017273601352552254,0.027357588218000647,0.6314007366039172,17.38142069166053,0.5359946118459494,Var5_crops
SoyGrains,9,-0.013617575289531978,0.02620371144267527,-0.519681164987737,31.57521672768145,0.6069101429127739,Var5_crops
CropDiversity,1,-0.05378925118675198,0.014478887002951423,-3.7150128442736934,26.746182760721727,9.46323743849781e-4,Var6
CropDiversity,2,0.059418645160282654,0.01748195200857139,3.398856439552616,44.0362695557463,0.0014467335949441987,Var6
CropDiversity,3,0.07379900069912239,0.017864151664367313,4.131122601602481,36.2433361006324,2.0339748229696145e-4,Var6
CropDiversity,4,0.07053737516556731,0.018441030023082297,3.8250236064513197,33.887238488067204,5.35072386589012e-4,Var6
CropDiversity,5,0.06043100412587312,0.015304265196036282,3.948638066042165,35.353838972244105,3.5777486411557493e-4,Var6
CropDiversity,6,0.08244303936088689,0.018331987101238983,4.497223290939088,38.052891580560555,6.281804018691161e-5,Var6
CropDiversity,7,0.06061562186500291,0.018620092888193843,3.255387727063195,33.209492694693125,0.002607721252558299,Var6
CropDiversity,8,0.07298353068485501,0.019874888758031225,3.6721478833617707,26.971594668904732,0.0010476998019157719,Var6
CropDiversity,9,0.04750477677412317,0.01744878391767552,2.722526509483626,32.670176016284714,0.01031040691311766,Var6
LandDiversity,1,0.023595736213794363,0.010212228787400886,2.310537367014837,25.03582197810428,0.029381301927541723,Var6
LandDiversity,2,-0.03341793796808918,0.01675631315196502,-1.994349094876533,36.14307418682137,0.05369894517588468,Var6
LandDiversity,3,-0.032139227197912144,0.01436256345313004,-2.2377082825634464,25.994301668237938,0.034027914036473476,Var6
LandDiversity,4,-0.02286177760767458,0.012508748573099871,-1.8276630531082023,42.527684917278755,0.07462175952904344,Var6
LandDiversity,5,-0.02073574053162917,0.017228676513245552,-1.203559688156392,11.506438248834042,0.2529370412706845,Var6
LandDiversity,6,-0.04969765114016445,0.030069300796177346,-1.6527704277873472,10.07536429142838,0.12915574342129998,Var6
LandDiversity,7,0.007392843024316652,0.019154037552081535,0.3859678673081251,23.72991979705541,0.7029592107171891,Var6
LandDiversity,8,-0.03703479556727867,0.03023211778248775,-1.2250149272946877,17.191734265416216,0.237089545828303,Var6
LandDiversity,9,-0.013284293145294236,0.02210142491793933,-0.6010604834130678,16.72262259703624,0.5558601438758486,Var6
LargeFarms,1,0.05767417565905414,0.010015567832659304,5.758452902788704,25.558098044431606,4.900439088135375e-6,Var6
LargeFarms,2,-0.013396039131440657,0.01681074686801646,-0.7968735260018396,49.816412128448675,0.4293061301550959,Var6
LargeFarms,3,-0.030590897315897453,0.013694004823316267,-2.233889772246281,26.85367234889387,0.03401694317341179,Var6
LargeFarms,4,0.053318194733234035,0.014236532916297171,3.7451671026025166,37.65934663517868,6.019856841424172e-4,Var6
LargeFarms,5,-0.014263058832133102,0.01657039236890134,-0.8607556486653538,32.139168204826525,0.3957487996771468,Var6
LargeFarms,6,0.030343102350046322,0.013171009980004585,2.3037794668830522,41.718755634660596,0.026287080395763395,Var6
LargeFarms,7,0.03183974441050431,0.021343916557292744,1.4917479800409625,40.486355302611244,0.14351678184177766,Var6
LargeFarms,8,-0.04273718891349668,0.02425476242337731,-1.7620122666015303,25.79680028379814,0.08991509788875728,Var6
LargeFarms,9,0.0814715369450751,0.014111345154304844,5.7734777269069335,32.65611655080485,1.9499638247597924e-6,Var6
MeanCropArea,1,-0.01285965291731923,0.0065580631509973685,-1.9608919007380248,9.828830345646331,0.0788226539823813,Var6
MeanCropArea,2,0.03622264161593882,0.02159847377522931,1.6770926498279504,4.411973585831662,0.16212245669660155,Var6
MeanCropArea,3,0.005506754206450988,0.01675884168229841,0.32858799616607864,11.060340025248767,0.7486043728696631,Var6
MeanCropArea,4,0.01280211181821446,0.007869594347566384,1.626781667872553,13.782645964719567,0.12642063448201488,Var6
MeanCropArea,5,-0.011057075884912131,0.033926345606109645,-0.3259141439306953,5.493389951307389,0.7565427162444616,Var6
MeanCropArea,6,0.08068704450733159,0.05057943682146964,1.5952539130107923,5.388463078500216,0.16733334840297678,Var6
MeanCropArea,7,0.02186528901853483,0.029743534310416132,0.7351274663709902,11.16230389058745,0.4774234164908665,Var6
MeanCropArea,8,-0.09565625304947489,0.07362587301134563,-1.2992206290679151,5.396471599132649,0.24660644639260462,Var6
MeanCropArea,9,-0.015384375799742639,0.04271788863674729,-0.36013895561562254,5.694938605978169,0.7317204981968672,Var6
NaturalCropEdge,1,-0.024422310913397766,0.008877643896242116,-2.750990149958106,28.166321464114798,0.010269448990193398,Var6
NaturalCropEdge,2,0.03847783656988736,0.018577435002787936,2.071213629013529,44.36299462684513,0.04418592425902544,Var6
NaturalCropEdge,3,0.01355394440647011,0.016366747799095697,0.8281391375273099,20.639680756080708,0.4170653300465883,Var6
NaturalCropEdge,4,0.007356071240486718,0.012442087778738316,0.5912248306957899,37.94764365333198,0.5578753639854426,Var6
NaturalCropEdge,5,0.04813601858743654,0.03252796284710348,1.4798350211385252,6.582638896887544,0.18511313268431134,Var6
NaturalCropEdge,6,0.05698087564348187,0.018944324112663988,3.007807262196862,17.329173360165562,0.007795778899454733,Var6
NaturalCropEdge,7,6.34761970324286e-5,0.02732142958767447,0.0023233117003901085,8.725605297037117,0.9981985142704577,Var6
NaturalCropEdge,8,-0.11396296835529104,0.07310866432157079,-1.5588161733337282,4.4771951199827935,0.18649276092591965,Var6
NaturalCropEdge,9,-6.321145167985274e-4,0.021066443311606214,-0.03000575405390212,8.599685721750333,0.9767472365045703,Var6
PercentCrop,1,0.06927508086578019,0.017619249297686466,3.9317839083459987,20.489839475459444,7.944270806559329e-4,Var6
PercentCrop,2,-0.07318530849488022,0.022934752165278474,-3.191022426031592,29.27022637445431,0.0033728428076472495,Var6
PercentCrop,3,-0.03193474717366717,0.025172587139736195,-1.2686319048730819,23.958313252933348,0.21676067107991487,Var6
PercentCrop,4,-0.0432324967636741,0.02129605486775027,-2.0300706883106003,34.38827002845472,0.05014189625374642,Var6
PercentCrop,5,0.04200603037159909,0.0765581416654144,0.5486814264011266,5.034198631197459,0.60667077810785,Var6
PercentCrop,6,-0.10709516190446998,0.032395554485003274,-3.305859819564041,12.694323140359616,0.005850553121620993,Var6
PercentCrop,7,-0.03017687369185257,0.03437948782278642,-0.8777580936459328,19.002826253813996,0.39103800634887476,Var6
PercentCrop,8,0.1691577673405192,0.12654274110488892,1.3367638938713007,2.847850778540899,0.2780533972296473,Var6
PercentCrop,9,-0.036618266060893884,0.039442046955486254,-0.928406837054394,12.19872028436556,0.3712029690307366,Var6
Corn,1,0.07689376797530632,0.020934227172083954,3.673112331457122,20.677278707378193,0.0014443422899316986,Var6_crops
Corn,2,-0.038392526991935565,0.031182367432551365,-1.231225533948955,45.85345910416313,0.22451632894267468,Var6_crops
Corn,3,-0.010675812993171727,0.027864003392641373,-0.38313995454045596,17.90800233991185,0.7061260998156147,Var6_crops
Corn,4,-0.044321450535055505,0.024193014070046037,-1.8319937485561577,34.532498472514014,0.07558892115106272,Var6_crops
Corn,5,-0.042769427548459325,0.032823388899360706,-1.303016811566716,23.36137323092689,0.20526678563610484,Var6_crops
Corn,6,-0.05239854455663046,0.02752299856031995,-1.9038094429207186,37.451890582462035,0.06464012553627073,Var6_crops
Corn,7,-0.058839434083278325,0.03870595245770111,-1.520164996522941,14.476109945982403,0.15000750391878317,Var6_crops
Corn,8,0.05229980422171448,0.05948529012530022,0.8792056676793509,5.696292852166675,0.41483464471098735,Var6_crops
Corn,9,-0.09609747381222448,0.037903542922974647,-2.5353163952907547,21.431611467532154,0.019072141441072606,Var6_crops
CropDiversity,1,-0.03765287118958667,0.010415658107885918,-3.6150256469227684,25.024340014009002,0.0013202568654433421,Var6_crops
CropDiversity,2,0.03338689296415827,0.013291618199968071,2.5118757145942148,41.571347180939455,0.01598211447016778,Var6_crops
CropDiversity,3,0.05790556616761998,0.01208254442181393,4.792497684765534,34.92034249620487,3.0122024625527234e-5,Var6_crops
CropDiversity,4,0.04453940827908602,0.018231787471792535,2.4429534596097913,32.60969425179158,0.020155781391482133,Var6_crops
CropDiversity,5,0.0404050047039985,0.011709863478840399,3.4505103135497626,34.552459641727715,0.001493193799038045,Var6_crops
CropDiversity,6,0.06599600878495894,0.015071309711903225,4.378916633425409,37.0087684157702,9.417471042627686e-5,Var6_crops
CropDiversity,7,0.05430998523765633,0.013426249362266428,4.045060073909464,31.717165928080828,3.1228298837270165e-4,Var6_crops
CropDiversity,8,0.041841749166701546,0.015113622325869144,2.7684792079978973,25.055124305738943,0.010441464100660967,Var6_crops
CropDiversity,9,0.02840404923617851,0.017149166218801762,1.6562933074283972,31.466272101399998,0.1076026646909165,Var6_crops
FruitVeg,1,0.1886073242542033,0.08275658570969517,2.279061208685261,6.736183063147254,0.05815643952248293,Var6_crops
FruitVeg,2,-0.10205847957482733,0.08386664322793189,-1.2169138485423086,7.100455226178985,0.26253327293756723,Var6_crops
FruitVeg,3,0.10417036290152792,0.1469436740529219,0.7089135587014849,3.331137778164199,0.5247990526546705,Var6_crops
FruitVeg,4,-0.12285087405590905,0.08318650500330622,-1.4768125437055732,7.898490348898571,0.17844888384837354,Var6_crops
FruitVeg,5,-0.1318139646766306,0.08519928023594889,-1.5471253314768398,9.200322281521995,0.155506083575219,Var6_crops
FruitVeg,6,-0.15485991796253182,0.08330256310326628,-1.8590054398513434,6.97949840336009,0.10548911478676994,Var6_crops
FruitVeg,7,-0.1516550489609938,0.08443711691743697,-1.796070904567749,6.809102656147798,0.1167398018006138,Var6_crops
FruitVeg,8,-0.0850561866906536,0.08304294986833632,-1.0242433201796086,7.364426497341353,0.3381825015387867,Var6_crops
FruitVeg,9,-0.09572866434279213,0.08787015406784779,-1.0894332137949423,7.66608658215903,0.3090200965782872,Var6_crops
LandDiversity,1,0.010000562413408715,0.008632544943135038,1.1584720936045148,21.400251651920204,0.2594364775303157,Var6_crops
LandDiversity,2,-0.010891444821032182,0.010560725795980119,-1.031315937127915,35.63822821435607,0.3093412123237239,Var6_crops
LandDiversity,3,-0.02686707854068863,0.012237154912451108,-2.195533090240756,26.21224743187881,0.037171434945070234,Var6_crops
LandDiversity,4,-0.012313146826594873,0.011480362872412943,-1.0725398633681773,38.337891325664494,0.29018276244459307,Var6_crops
LandDiversity,5,-0.015533390759994669,0.015765460139468026,-0.9852798854318002,11.58270151061761,0.34462133717408816,Var6_crops
LandDiversity,6,-0.03288212013352518,0.03124882123503797,-1.0522675363080851,10.181557669255662,0.3170094753234106,Var6_crops
LandDiversity,7,0.012970901720256812,0.013660004933809275,0.9495532236707401,23.570726345166523,0.35197457163757484,Var6_crops
LandDiversity,8,-0.0023652225211330947,0.02167628484226133,-0.10911567818677678,16.5536459742973,0.9144225389097516,Var6_crops
LandDiversity,9,0.007455287064674555,0.021925894188144914,0.3400220306045965,17.06949557809001,0.737988209056466,Var6_crops
LargeFarms,1,0.03172836873756684,0.017495941702033956,1.8134701908545066,23.72073083277725,0.082432314675007,Var6_crops
LargeFarms,2,0.005682336681243972,0.020411401163965313,0.2783903287970098,44.39080141262458,0.7820054454944688,Var6_crops
LargeFarms,3,-0.02413165370713818,0.02033050753430926,-1.186967598640329,17.310382573199135,0.2512748874977504,Var6_crops
LargeFarms,4,0.08416645140278711,0.020190023990956277,4.168714779164592,32.65956308689066,2.110814637796675e-4,Var6_crops
LargeFarms,5,-0.004172687093765583,0.022536962165944797,-0.18514860445880577,29.128974456543222,0.8543956325394596,Var6_crops
LargeFarms,6,0.05806124640525129,0.020240187354989912,2.8686121025918845,37.57272626001458,0.006727740396616808,Var6_crops
LargeFarms,7,0.049777978058161455,0.025799254826052432,1.9294347218081271,37.6120881420403,0.06124644220009445,Var6_crops
LargeFarms,8,-0.0040069799740886135,0.020612765025054207,-0.19439313305217654,24.233737928058105,0.8474884762106504,Var6_crops
LargeFarms,9,0.10711755208458427,0.02254738724982238,4.7507744865395924,27.79212766764533,5.5741391167299514e-5,Var6_crops
MeanCropArea,1,-0.012529795317639121,0.005936498045688033,-2.110637487152905,9.833120940491353,0.06143807398601537,Var6_crops
MeanCropArea,2,0.03114137914946873,0.0191894057092696,1.6228422923189136,4.425490949564227,0.1730715375083869,Var6_crops
MeanCropArea,3,0.012849804679903008,0.015256044710763377,0.8422762861226587,10.857649995879104,0.4178001948520511,Var6_crops
MeanCropArea,4,0.01288210609322251,0.007121289634165716,1.8089569101947773,13.233848778938913,0.09322317228297573,Var6_crops
MeanCropArea,5,-0.003836902494382057,0.03649356766528587,-0.10513914478226996,5.416075010482504,0.9200495081016085,Var6_crops
MeanCropArea,6,0.06688099351287513,0.055645125679477665,1.2019200728940278,5.202967165857907,0.2812277417915293,Var6_crops
MeanCropArea,7,0.03482122345403188,0.02250592991190622,1.5472021636222437,10.926812215038558,0.15027128287542976,Var6_crops
MeanCropArea,8,-2.3447826464766372e-4,0.02327240074078438,-0.01007537929839553,4.637113886091393,0.9923800698293903,Var6_crops
MeanCropArea,9,-0.016009090585270284,0.0464904433127592,-0.3443522892989197,5.550905047496727,0.7432485778901075,Var6_crops
NaturalCropEdge,1,-0.02155588632828033,0.008243844072731137,-2.6147857890207513,28.135968891425513,0.014188036980691973,Var6_crops
NaturalCropEdge,2,0.018629436827874806,0.01491463564054606,1.249070864140315,42.2862257926473,0.21850959611978782,Var6_crops
NaturalCropEdge,3,0.021985401355780004,0.014807178376652269,1.484779935551141,20.610520423042125,0.15273674079133795,Var6_crops
NaturalCropEdge,4,0.019519347513913664,0.013030673034145072,1.497953901749044,37.43982129004414,0.1425297627116182,Var6_crops
NaturalCropEdge,5,0.046943184419803774,0.03334212290506139,1.4079242810504342,6.6305987777292055,0.20426863960139321,Var6_crops
NaturalCropEdge,6,0.05273223221312532,0.022140381486881192,2.3817219339409608,17.69164208935104,0.02868408362033187,Var6_crops
NaturalCropEdge,7,-0.0012839540818689336,0.023568822464796916,-0.054476802300440975,8.841515811087476,0.9577663657178258,Var6_crops
NaturalCropEdge,8,-0.03590794923880468,0.03240563272343581,-1.1080773995452955,4.582395869435649,0.3225720769836991,Var6_crops
NaturalCropEdge,9,0.0011347869306458749,0.021679129455375368,0.05234467246398139,10.456992415244823,0.9592405700722342,Var6_crops
PercentCrop,1,0.039027262087666534,0.0168040478389058,2.3224917271009033,16.919182976403164,0.032939262879617244,Var6_crops
PercentCrop,2,-0.03431686191193705,0.02221535907383154,-1.5447358648530878,28.989006146076438,0.13325806404916574,Var6_crops
PercentCrop,3,-0.028592961413845652,0.020559947350377306,-1.3907118012790498,22.570479095283087,0.1778736975207275,Var6_crops
PercentCrop,4,-0.024429344165251554,0.01899971595191573,-1.2857741782601944,29.169967571819075,0.2086356850617647,Var6_crops
PercentCrop,5,0.05298438227460853,0.07792368974510618,0.679952174337793,5.477301020529698,0.5242118971430507,Var6_crops
PercentCrop,6,-0.07039896640452863,0.04091971332046164,-1.7204169015848425,13.526890365236726,0.10813790155193284,Var6_crops
PercentCrop,7,-0.008860159538397213,0.03154982065523568,-0.28083074180413364,19.87102440640671,0.7817434198615554,Var6_crops
PercentCrop,8,0.025742515325241064,0.038403855976697626,0.6703106933027999,2.895529692068745,0.5522305349341277,Var6_crops
PercentCrop,9,-0.001599842243790756,0.04107405621237289,-0.03895018878872814,12.602598328965437,0.9695403495128916,Var6_crops
SoyGrains,1,0.020182293882906422,0.02077016193612418,0.97169651083965225,19.77716928546189,0.342936741548972,Var6_crops
SoyGrains,2,-0.03488668516655427,0.03039054116694515,-1.1479455062978423,40.79381585613572,0.25767855132303025,Var6_crops
SoyGrains,3,-0.004108792370333236,0.024793534005613096,-0.16572031923335465,21.506286185643727,0.8699250504891987,Var6_crops
SoyGrains,4,-0.04969571582745583,0.025439679680278618,-1.9534725457247406,32.77082049078184,0.05934494142347241,Var6_crops
SoyGrains,5,-0.00894710156556318,0.023569825539875217,-0.37959982140837467,26.87996942253601,0.7072250685520572,Var6_crops
SoyGrains,6,-0.03103174096803328,0.023275065411194885,-1.3332611711203861,33.61918458557124,0.19141047741097314,Var6_crops
SoyGrains,7,-0.03493061140343074,0.03704013389131193,-0.9430476549012693,14.18213724457232,0.36144531266534397,Var6_crops
SoyGrains,8,-0.011982500761931192,0.02688145975970243,-0.445753350786923,14.758456954694564,0.6622449254953324,Var6_crops
SoyGrains,9,-0.017750365461044627,0.024991177188880952,-0.7102652798981434,32.88121906656102,0.48254708807221414,Var6_crops
